項目,中間報告 2-2.py,9/30提出2-2.py,変更点・具体的な処理,分類
全体構成,get_response()、get_shop_info()、末尾の直列処理（1–647行）,用途別の関数と main()（1–828行）,取得、住所、URL、SSL、ページ遷移、DB保存を関数化,変更
共通する目的,ぐるなびから店舗を調べ、9項目をMySQLのex2.ex2_2へ保存,"同じ9項目と保存先（23–24, 47–57, 726–762行）",店舗情報をPythonからMySQLへ保存する目的は共通,共通
ライブラリ,requests、BeautifulSoup、pandas、re、time、SQLAlchemy（1–6行）,同左＋json、socket、datetime、urllib.parse、SQLAlchemyのTable等（1–17行）,URL復号、通信エラー分類、DB削除・検算を追加,追加
開始ページ,全国検索結果URLから開始（400–420行付近）,"トップページを取得後、全国検索結果へ進む（20–21, 603–658行）",開始地点と遷移処理を変更,変更
User-Agent,Chrome風の文字列をheadersに設定（12–20行）,教育用識別文字列をHEADERSに設定（37–38行）,HTTPリクエストの識別文字列を変更,変更
アクセス前3秒待機,get_response()のrequests.get()前に3秒（27–63行）,"get_soup()とcheck_ssl()のrequests.get()前に3秒（83–108, 463–600行）",取得前の待機は共通、実装箇所を変更,共通＋変更
リトライと時間制限,get_response()は最大3回再試行、timeout=20（27–63行）,"get_soup()は失敗時None、SSL確認は原因別に返す。TIMEOUT=10（32, 83–108, 463–600行）",一般的な取得の最大3回再試行は新版にない,変更
検索結果の店舗URL,正規表現で重複なく先に50 URLを収集（400–520行付近）,"SHOP_PATTERN.fullmatch()、seen_shopsで1店舗ずつ取得（40, 765–810行）",候補先取りから逐次収集へ変更,変更
次の検索ページ,?p=2、?p=3を組み立て、pageを増やす（400–520行付近）,get_next_page_url()で「＞」リンクのURLを読む（661–723行）,HTMLに表示された次ページリンクを採用,変更
住所の取得と分割,市・区・町・村と番地を正規表現で分割（get_shop_info()内）,get_address_parts()で「住所」欄を調べ、最初の数字を境に分割（111–206行）,「大阪市北区堂山町／2-11」の形式を意図,変更
メール,ページ本文からメール形式の文字列を検索（get_shop_info()内）,「お店に直接メールする」のmailto:だけを取得（399–421行）,対象リンクがなければ空欄,変更
店舗のURL,「オフィシャル」か「ホームページ」の最初のhrefを使用（324–352行）,data-oを復号し「お店のホームページ」を優先、無効URLを除外（209–325行）,"href=""#"" やぐるなび中継URLをそのまま保存しない",変更
SSL判定,外部URLへのアクセスに失敗してもURLがhttps://ならTrueとなり得る（355–379行）,verify=Trueで接続し、証明書・転送先・CAPTCHAを確認（463–600行）,通信失敗をTrueとして扱わず原因を分類,変更
候補失敗時,"取得失敗時も空欄の辞書を結果に追加（66–92, 530–573行）",失敗候補をrowsに加えず次の候補へ（765–811行）,空欄行で50件を埋めない,変更
50件の判定,候補50件分の行を処理して保存（400–573行）,SSL TrueかつURLありのrowsが50件になるまで処理（765–817行）,50件未満ならMySQLは更新しない。ただし「SSL Trueのみ」の条件は仕様と照合が必要,変更
DB接続,root:root@ex2_mysql:3306/ex2 の固定文字列（606–613行）,"DB_HOST等を環境変数で指定し、SQLAlchemy URL.create()で接続（23–28, 726–733行）",既定パスワードは空文字。実環境の値が未設定なら接続条件が旧版と異なる,変更・注意
DBテーブルと保存,"pandas DataFrame.to_sql(if_exists=""replace"")でテーブルを再作成（600–620行）","Table定義＋create_all、既存行をdelete、to_sql(if_exists=""append"")（726–757行）",既存テーブルの定義を残し、行を入れ替える方式。既存スキーマはcreate_allで変更されない,変更
DB更新のまとまり,取得したDataFrameをそのままreplaceで保存（600–620行）,engine.begin()内で削除と挿入、件数確認（750–760行）,50件未達や挿入エラー時は更新しない構成,変更
DB結果の検算,取得店舗数とdf.head()を表示（630–647行）,保存後にCOUNT(URL)を確認（756–760行）,注意：COUNT(URL)単独では空文字や#の正当性を証明しない。事前の空文字チェックは別にある,変更・注意
エラー記録,通信失敗を画面に表示（27–63行）,"make_error_row()でエラーを保持するが、最後は画面へ表示するのみ（59–76, 795–824行）",新版には別ファイル保存がないため、実行後に永続ログとして残らない,変更・要確認
