項目,中間報告 1-2.py,9/30提出1-2.py,変更点・具体的な処理,分類
構成,ChromeDriverを冒頭で起動、get_shop_info()と末尾の処理（1–741行）,機能を関数に分割、main()で起動、finallyで終了（1–1032行）,get_soup / click_shop_homepage / click_next_page / get_shop_details / check_ssl / run_scraper など,変更
使用技術,Selenium、pandas、re、time（1–13行）,同左＋BeautifulSoup、requests、csv、json、socket、datetime、URL処理など（1–20行）,ページ解析・証明書確認・data-o解析・ログ出力の機能を追加,追加
ブラウザ設定,同じ場所のchromedriver.exe、Mozilla/5.0（16–31行）,"CHROMEDRIVER_PATH、USER_AGENT、読み込みタイムアウト30秒（31–33, 802–812行）",設定をまとめ、終了時にdriver.quit(),変更
開始ページ,全国検索ページから開始（395–405行）,"トップページ START_URL から get_first_search_page() を経て全国検索へ（22–23, 680–735行）",トップページへの移動処理を追加,変更
ページ取得と3秒待機,"driver.get()前に3秒待つ箇所あり（39–45, 395–405行）",get_soup()がdriver.get()直前に3秒待機（46–54行）,取得の待機とHTML解析を関数化,共通＋変更
店舗URLの候補,検索結果のaのhrefを抽出し、先に50 URLを集める（406–465行）,"SHOP_PATTERNとseen_shopsで重複除去し、1件ずつ詳細を処理（34, 850–903行）",50候補先取りから逐次処理へ変更,変更
50件の基準,取得失敗時にも空欄の行を追加（620–677行）,SSL Trueのrowsのみを数え、失敗時は次の候補へ（843–949行）,空欄行で件数を埋めない。ただしSSL True=有効50店舗という解釈は要確認,変更
次ページの特定,次ページ番号を含むリンクを選び、JS click（475–607行）,get_next_page_url()で「次」画像alt・ラベル・表示文字を判別（738–799行）,ページ番号リンクではなく「>」リンクを対象にする,変更
次ページのクリック,scrollIntoView後に1秒待ちJS click（585–603行）,click_next_page()で「>」要素を探し、直前3秒待ってelement.click()（150–177行）,Seleniumの指定ボタンクリックと直前待機を実装,変更
店名・電話,ブラウザ要素から抽出（get_shop_info()、36–390行）,BeautifulSoupのh1とページ本文の正規表現（396–465行）,データ取得方法を変更。店名がなければ候補を失敗扱い,変更
住所,旧版の市・区・町・村ベースの分割（get_shop_info()内）,get_address_parts()（179–274行）。都道府県の後から最初の数字までを市区町村欄へ,「大阪市北区堂山町／2-11」のようなsample.csv形式を意図,変更
メール,ページ本文からメール形式を検索（get_shop_info()内）,「お店に直接メールする」リンクのmailto:を取得（468–489行）,対象リンクがなければ空欄,変更
外部URLの選択,「オフィシャル」または「ホームページ」を含む最初のリンク（旧版後半）,get_shop_url()で「お店のホームページ」を優先、data-oを復号（277–393行）,"href=""#"" をそのままURLとして保存しない",変更
ホームページへ遷移,リンクのJS click前に1秒、クリック後3秒（310–363行）,click_shop_homepage()でclick前に3秒待ち、クリック不可ならdriver.get()直前に3秒待つ（72–131行）,操作前の待機を変更し、戻り操作も関数化（134–147行）,変更
アクセス時間の記録,なし,"record_preaccess_time()で直前までの時間を1-2_preaccess_times.csvに記録（26, 57–69行）",記録は外部サイトへの遷移時。全HTTPアクセスを網羅した計測ではない,追加
SSL判定,ブラウザで得たURLがhttps://ならTrue（368–377行）,check_ssl()でrequests.get(verify=True)を行い、HTTPSと証明書を確認（540–677行）,証明書エラー、タイムアウト、接続・名前解決失敗、CAPTCHA等を分類,変更
転送先・エラーURL,ブラウザで開けなければURLを空にする処理（旧版後半）,クリック先URLを取得後、転送先の適否を判定（492–535行）,注意：CAPTCHA転送時はshop_urlを転送先で上書きするため、元の外部サイトURLの保持は未達,変更・要確認
提出用CSV,指定の9列を1-2.csvへ保存（680–710行）,"同じ9列を1-2.csvへ保存（37, 988–998行）",列構成は共通。新版はSSL Trueの行だけを出力,共通＋変更
エラーログ,なし,"1-2_ssl_errors.csvに発生日時、URL、エラー種類、詳細を記録（25, 38, 41–44, 999–1008行）",証明書失敗などは別CSVで追跡,追加
完了の表示,CSV保存後に件数などを表示（710–741行）,50件未満は未達と明示（1010–1027行）,50件未満を完了扱いにしない表示,変更
