計測日時,店舗ページURL,アクセス対象URL,方法,アクセス前経過時間（秒）
2026-09-30T05:01:38+09:00,https://r.gnavi.co.jp/j15fsskv0000/,https://ghxh003.gorp.jp/,クリック,4.62
2026-09-30T05:01:58+09:00,https://r.gnavi.co.jp/evx0h9s60000/,https://gj41903.gorp.jp/,クリック,4.32
2026-09-30T05:02:17+09:00,https://r.gnavi.co.jp/31zdarvd0000/,https://s428409.gorp.jp/,クリック,4.26
2026-09-30T05:02:36+09:00,https://r.gnavi.co.jp/9g24jus50000/,https://gjy8200.gorp.jp/,クリック,4.27
2026-09-30T05:02:55+09:00,https://r.gnavi.co.jp/hhjvttrf0000/,https://fc6c900.gorp.jp/,クリック,4.08
2026-09-30T05:03:14+09:00,https://r.gnavi.co.jp/4veep20w0000/,https://gjy4300.gorp.jp/,クリック,4.41
2026-09-30T05:03:32+09:00,https://r.gnavi.co.jp/355wsu8e0000/,https://k307922.gorp.jp/,クリック,4.41
2026-09-30T05:03:51+09:00,https://r.gnavi.co.jp/ahcj8b550000/,https://gjfn600.gorp.jp/,クリック,4.41
2026-09-30T05:04:12+09:00,https://r.gnavi.co.jp/g747789/,http://rakuzo.dkdining.com/shinagawa/,クリック,4.04
2026-09-30T05:04:46+09:00,https://r.gnavi.co.jp/n4yud5vr0000/,https://gayx208.gorp.jp/,クリック,4.62
2026-09-30T05:05:11+09:00,https://r.gnavi.co.jp/n538204/,http://rakuzo.dkdining.com/nagoya-taiko/,クリック,3.95
2026-09-30T05:05:45+09:00,https://r.gnavi.co.jp/g493596/,http://rakuzo.dkdining.com/yurakucho/,クリック,4.34
2026-09-30T05:06:28+09:00,https://r.gnavi.co.jp/g493546/,http://rakuzo.dkdining.com/ikebukuro/,クリック,3.99
2026-09-30T05:07:08+09:00,https://r.gnavi.co.jp/g493521/,http://umeko.dkdining.com/nihonbashi/,クリック,3.91
2026-09-30T05:07:52+09:00,https://r.gnavi.co.jp/dmnrmrfg0000/,https://ggpn800.gorp.jp/,クリック,4.35
2026-09-30T05:08:20+09:00,https://r.gnavi.co.jp/5a0wt7ea0000/,https://kdax402.gorp.jp/,クリック,4.43
2026-09-30T05:08:48+09:00,https://r.gnavi.co.jp/1kt3uamg0000/,https://kenb900.gorp.jp/,クリック,4.48
2026-09-30T05:09:11+09:00,https://r.gnavi.co.jp/erw0ys0k0000/,https://kea3206.gorp.jp/,クリック,4.22
2026-09-30T05:09:31+09:00,https://r.gnavi.co.jp/g493516/,http://minatoichiya.dkdining.com/nihonbashi/,クリック,4.13
2026-09-30T05:10:03+09:00,https://r.gnavi.co.jp/je828bgc0000/,https://ggpb106.gorp.jp/,クリック,4.25
2026-09-30T05:10:22+09:00,https://r.gnavi.co.jp/2va3ks520000/,https://atarayo.dkdining.com/shinagawa/,クリック,3.90
2026-09-30T05:10:48+09:00,https://r.gnavi.co.jp/7rxn0mbn0000/,https://gf3y400.gorp.jp/,クリック,4.26
2026-09-30T05:11:11+09:00,https://r.gnavi.co.jp/g747765/,http://rakuzo.dkdining.com/shinjuku/,クリック,3.90
2026-09-30T05:11:46+09:00,https://r.gnavi.co.jp/g228730/,http://www.takada-ya.co.jp,クリック,4.51
2026-09-30T05:12:16+09:00,https://r.gnavi.co.jp/9hnx5ssx0000/,https://ghfe500.gorp.jp/,クリック,4.19
2026-09-30T05:12:36+09:00,https://r.gnavi.co.jp/g493544/,https://michiru.dkdining.com/shinagawa/,クリック,4.10
2026-09-30T05:13:04+09:00,https://r.gnavi.co.jp/f030210/,http://rakuzo.dkdining.com/hakata/,クリック,3.84
2026-09-30T05:13:33+09:00,https://r.gnavi.co.jp/e7yy1s4f0000/,https://atarayo.dkdining.com/shinjuku/,クリック,3.93
2026-09-30T05:14:13+09:00,https://r.gnavi.co.jp/ku51jfad0000/,https://osusumeya.co.jp/diverse-brands/kurosawa-yokohama/,クリック,4.37
2026-09-30T05:14:47+09:00,https://r.gnavi.co.jp/f035880/,http://www.jandj-food.co.jp/,クリック,4.15
2026-09-30T05:15:25+09:00,https://r.gnavi.co.jp/f389300/,http://www.yushokutei.com/,クリック,4.37
2026-09-30T05:15:45+09:00,https://r.gnavi.co.jp/e592800/,https://kocho.gorp.jp/,クリック,4.53
2026-09-30T05:16:04+09:00,https://r.gnavi.co.jp/sbtzx4tw0000/,https://ke4h901.gorp.jp/,クリック,4.27
2026-09-30T05:16:26+09:00,https://r.gnavi.co.jp/mwbv9drd0000/,https://ta67300.gorp.jp/,クリック,4.10
2026-09-30T05:16:47+09:00,https://r.gnavi.co.jp/jgw7tevw0000/,https://ka25502.gorp.jp/,クリック,4.43
2026-09-30T05:17:07+09:00,https://r.gnavi.co.jp/7g4118xg0000/,https://rakunoutagegdcg300.gorp.jp/,クリック,4.49
2026-09-30T05:17:28+09:00,https://r.gnavi.co.jp/d10m3rnt0000/,https://gjgh800.gorp.jp/,クリック,4.23
2026-09-30T05:17:48+09:00,https://r.gnavi.co.jp/db3znp710000/,https://gfba302.gorp.jp/,クリック,4.53
2026-09-30T05:18:08+09:00,https://r.gnavi.co.jp/8yax7hc80000/,https://gb1t009.gorp.jp/,クリック,4.64
2026-09-30T05:18:30+09:00,https://r.gnavi.co.jp/7e20hc4m0000/,https://jibundoki.dkdining.com/omiya/,クリック,3.94
2026-09-30T05:18:56+09:00,https://r.gnavi.co.jp/9t533jtv0000/,https://gj2p900.gorp.jp/,クリック,4.72
2026-09-30T05:19:16+09:00,https://r.gnavi.co.jp/g747778/,http://umeko.dkdining.com/shinjyukuhigashi/,クリック,3.86
2026-09-30T05:19:46+09:00,https://r.gnavi.co.jp/2f1uj4cr0000/,https://nc5n600.gorp.jp/,クリック,4.33
2026-09-30T05:20:07+09:00,https://r.gnavi.co.jp/k311722/,http://rakuzo.dkdining.com/koubesannomiya/,クリック,3.92
2026-09-30T05:20:40+09:00,https://r.gnavi.co.jp/g493593/,https://jibundoki.dkdining.com/shinjuku/,クリック,4.03
2026-09-30T05:20:45+09:00,https://r.gnavi.co.jp/g493593/,https://jibundoki.dkdining.com/shinjuku/,直接アクセス,8.35
2026-09-30T05:21:18+09:00,https://r.gnavi.co.jp/g191003/,http://www.taishoen.co.jp,クリック,4.52
2026-09-30T05:21:22+09:00,https://r.gnavi.co.jp/g191003/,http://www.taishoen.co.jp,直接アクセス,8.77
2026-09-30T05:22:12+09:00,https://r.gnavi.co.jp/g747761/,http://rakuzo.dkdining.com/yaesu/,クリック,4.43
2026-09-30T05:22:16+09:00,https://r.gnavi.co.jp/g747761/,http://rakuzo.dkdining.com/yaesu/,直接アクセス,8.74
2026-09-30T05:23:12+09:00,https://r.gnavi.co.jp/2e7etu060000/,https://jibundoki.dkdining.com/hibiya/,クリック,4.39
2026-09-30T05:23:16+09:00,https://r.gnavi.co.jp/2e7etu060000/,https://jibundoki.dkdining.com/hibiya/,直接アクセス,8.66
2026-09-30T05:24:17+09:00,https://r.gnavi.co.jp/a359109/,http://www.cafs.jp/,クリック,4.84
2026-09-30T05:24:21+09:00,https://r.gnavi.co.jp/a359109/,http://www.cafs.jp/,直接アクセス,9.21
2026-09-30T05:25:30+09:00,https://r.gnavi.co.jp/8gw0g9uu0000/,https://osusumeya.co.jp/diverse-brands/kurosawa-nagoya/,クリック,4.77
2026-09-30T05:25:35+09:00,https://r.gnavi.co.jp/8gw0g9uu0000/,https://osusumeya.co.jp/diverse-brands/kurosawa-nagoya/,直接アクセス,9.06
